{"cameraMode":{"drawMode":0,"name":"Shaded","section":"Shading Mode"},"sceneLighting":true,"audioPlay":false,"sceneViewState":{"showFog":true,"showMaterialUpdate":false,"showSkybox":true,"showFlares":true,"showImageEffects":true,"showParticleSystems":true},"in2DMode":false,"pivot":{"x":294.6759033203125,"y":150.46656799316407,"z":-162.77212524414063},"rotation":{"x":-0.005997771397233009,"y":-0.0072034429758787159,"z":-0.00004327415081206709,"w":0.9999561309814453},"size":249.40164184570313,"orthographic":false}