{"cameraMode":{"drawMode":0,"name":"Shaded","section":"Shading Mode"},"sceneLighting":true,"audioPlay":false,"sceneViewState":{"showFog":true,"showMaterialUpdate":false,"showSkybox":true,"showFlares":true,"showImageEffects":true,"showParticleSystems":true},"in2DMode":false,"pivot":{"x":2.9102885723114015,"y":-1.7476134300231934,"z":3.2979321479797365},"rotation":{"x":-0.021153906360268594,"y":0.8630536794662476,"z":-0.503364086151123,"w":-0.03626972436904907},"size":9.856331825256348,"orthographic":false}