{"cameraMode":{"drawMode":0,"name":"Shaded","section":"Shading Mode"},"sceneLighting":true,"audioPlay":false,"sceneViewState":{"showFog":true,"showMaterialUpdate":false,"showSkybox":true,"showFlares":true,"showImageEffects":true,"showParticleSystems":true},"in2DMode":false,"pivot":{"x":333.0898132324219,"y":282.587646484375,"z":299.51611328125},"rotation":{"x":0.00025624121190048754,"y":0.9983658790588379,"z":-0.0569685623049736,"w":0.0044925631955266},"size":764.7825317382813,"orthographic":false}