{"cameraMode":{"drawMode":0,"name":"Shaded","section":"Shading Mode"},"sceneLighting":false,"audioPlay":false,"sceneViewState":{"showFog":true,"showMaterialUpdate":false,"showSkybox":false,"showFlares":true,"showImageEffects":true,"showParticleSystems":true},"in2DMode":false,"pivot":{"x":-1.1920928955078126e-7,"y":0.4056822657585144,"z":0.44634586572647097},"rotation":{"x":0.3214378356933594,"y":0.01845984347164631,"z":-0.006267750170081854,"w":0.9467300176620483},"size":2.8527719974517824,"orthographic":false}