{"cameraMode":{"drawMode":0,"name":"Shaded","section":"Shading Mode"},"sceneLighting":true,"audioPlay":false,"sceneViewState":{"showFog":true,"showMaterialUpdate":false,"showSkybox":true,"showFlares":true,"showImageEffects":true,"showParticleSystems":true},"in2DMode":false,"pivot":{"x":11.259159088134766,"y":22.176372528076173,"z":36.120487213134769},"rotation":{"x":0.0008524535805918276,"y":0.9660465121269226,"z":-0.2583472430706024,"w":0.0031886091455817224},"size":22.0,"orthographic":false}