{"cameraMode":{"drawMode":0,"name":"Shaded","section":"Shading Mode"},"sceneLighting":true,"audioPlay":false,"sceneViewState":{"showFog":true,"showMaterialUpdate":false,"showSkybox":true,"showFlares":true,"showImageEffects":true,"showParticleSystems":true},"in2DMode":false,"pivot":{"x":-42.15571594238281,"y":8.284904479980469,"z":-2.4704818725585939},"rotation":{"x":-0.00916674267500639,"y":0.9507442116737366,"z":-0.3085511028766632,"w":-0.028244761750102044},"size":58.22242736816406,"orthographic":false}